transaction_id,amount,transaction_hour,merchant_category,customer_age,account_age_days,transactions_last_24h,avg_amount_30d,distance_from_home_km,device_trust_score,failed_login_attempts,is_international,card_present,is_new_device
TXN-00000001,55.7,13,travel,49,1470,1,26.99,1.6,60.81,0,1,1,0
TXN-00000002,13.57,6,online_shopping,40,809,1,21.11,0.87,79.94,0,1,1,0
TXN-00000003,88.94,14,electronics,64,791,3,10.03,23.63,58.98,1,1,1,0
TXN-00000004,108.59,15,gaming,63,1056,2,12.85,7.81,77.6,0,1,1,0
TXN-00000005,5.21,3,electronics,26,629,0,27.71,0.17,77.35,0,0,1,0
TXN-00000006,10.31,4,restaurant,44,574,3,22.9,29.0,69.88,1,0,1,1
TXN-00000007,46.26,6,travel,41,1272,4,27.68,23.22,83.04,0,0,1,0
TXN-00000008,29.02,13,jewelry,44,1328,1,81.77,1.62,77.42,1,1,0,0
TXN-00000009,39.74,3,online_shopping,38,582,3,34.78,0.89,78.26,0,0,0,0
TXN-00000010,16.52,18,restaurant,65,707,1,10.0,0.57,84.28,0,0,0,0
TXN-00000011,101.84,2,restaurant,75,1183,2,19.4,19.94,80.84,0,0,1,1
TXN-00000012,91.53,22,fuel,19,1134,1,36.79,3.84,75.52,1,0,1,0
TXN-00000013,43.35,16,fuel,67,1087,0,18.89,3.39,68.92,1,0,0,0
TXN-00000014,132.11,8,restaurant,68,598,4,15.37,60.65,77.76,1,0,0,0
TXN-00000015,66.08,8,online_shopping,39,2752,3,52.88,10.41,81.87,1,0,1,0
TXN-00000016,16.41,16,online_shopping,46,754,2,22.32,10.93,91.82,0,0,0,0
TXN-00000017,59.57,2,electronics,23,1207,0,16.63,20.69,84.75,1,0,1,0
TXN-00000018,14.78,17,online_shopping,38,505,6,16.76,0.5,57.03,0,1,1,0
TXN-00000019,101.74,13,fuel,31,933,3,87.51,8.22,84.88,0,0,1,0
TXN-00000020,38.38,5,restaurant,70,574,2,13.95,15.24,82.26,0,1,1,0
TXN-00000021,33.31,21,grocery,24,738,4,25.68,1.91,66.45,1,0,0,0
TXN-00000022,19.79,15,jewelry,37,1097,1,26.69,5.6,92.39,2,1,1,0
TXN-00000023,146.01,3,electronics,45,1781,0,45.83,7.95,57.14,0,0,1,0
TXN-00000024,34.39,15,pharmacy,74,697,5,17.29,15.09,38.16,2,0,0,1
TXN-00000025,25.8,9,fuel,65,1071,3,16.95,4.39,74.73,1,0,1,0
